id,gender,age,country,registered
user_000001,m,,Japan,13-Aug-06
user_000002,f,,Peru,24-Feb-06
user_000003,m,22,United States,30-Oct-05
user_000004,f,,,26-Apr-06
user_000005,m,,Bulgaria,29-Jun-06
user_000006,,24,Russian Federation,18-May-06
user_000007,f,,United States,22-Jan-06
user_000008,m,23,Slovakia,28-Sep-06
user_000009,f,19,United States,13-Jan-07
user_000010,m,19,Poland,4-May-06
user_000011,m,21,Finland,8-Sep-05
user_000012,f,28,United States,30-Mar-05
user_000013,f,25,Romania,25-Sep-06
user_000014,,,,27-Jan-06
user_000015,,21,Cote D'Ivoire,3-Oct-06
user_000016,m,,United Kingdom,5-Aug-05
user_000017,m,22,Morocco,27-Aug-07
user_000018,,22,United Kingdom,26-Aug-05
user_000019,f,29,Mexico,10-Nov-05
user_000020,f,27,Germany,24-Jul-06
user_000021,m,27,Canada,16-Mar-05
user_000022,m,38,United Kingdom,14-May-06
user_000023,f,,Germany,15-Aug-06
user_000024,f,25,United States,3-Oct-04
user_000025,,19,Sweden,10-Nov-05
user_000026,m,22,Turkey,21-Dec-05
user_000027,m,24,United States,25-Jul-05
user_000028,m,20,United Kingdom,19-Nov-05
user_000029,m,,United States,13-Feb-06
user_000030,,,,
user_000031,,38,United States,3-Aug-06
user_000032,m,23,Italy,28-Feb-05
user_000033,f,20,Poland,23-Dec-05
user_000034,f,35,Brazil,15-Sep-05
user_000035,m,22,Australia,7-Mar-05
user_000036,f,21,Mexico,19-Feb-07
user_000037,m,,United States,13-Aug-07
user_000038,m,29,Russian Federation,6-Jul-06
user_000039,m,21,United Kingdom,4-Jun-06
user_000040,f,21,Germany,21-Apr-06
user_000041,m,30,Sweden,14-Jun-05
user_000042,f,24,United States,29-Dec-05
user_000043,f,26,United States,18-Mar-06
user_000044,f,21,Italy,27-Feb-07
user_000045,m,29,Chile,9-Jul-06
user_000046,m,24,Greece,23-Apr-07
user_000047,f,19,Croatia,26-Aug-06
user_000048,m,33,Italy,29-Dec-06
user_000049,,,,11-Jan-06
user_000050,f,24,United Kingdom,10-Feb-06
user_000051,f,25,Brazil,10-Aug-06
user_000052,m,20,Russian Federation,16-Oct-06
user_000053,m,29,Germany,30-Nov-05
user_000054,m,28,Brazil,30-Nov-04
user_000055,m,21,Serbia,6-Aug-06
user_000056,m,22,United States,15-Jan-06
user_000057,m,17,United Kingdom,27-Aug-06
user_000058,f,24,Poland,28-Feb-06
user_000059,f,24,United States,9-Sep-05
user_000060,f,22,United States,11-Oct-05
user_000061,,,,29-Apr-07
user_000062,,26,Turkey,11-Mar-05
user_000063,f,22,Poland,25-Sep-05
user_000064,m,21,Finland,19-Dec-05
user_000065,m,35,United States,23-Oct-05
user_000066,f,20,United States,9-May-06
user_000067,m,36,Canada,8-Mar-05
user_000068,,,,16-Oct-09
user_000069,m,23,United States,13-Jul-05
user_000070,f,,Sweden,8-Dec-05
user_000071,m,7,Netherlands,13-Dec-05
user_000072,f,25,Armenia,22-Nov-06
user_000073,m,34,United Kingdom,31-May-07
user_000074,m,35,Turkey,9-Jun-05
user_000075,f,20,Romania,4-Jun-06
user_000076,m,38,Germany,26-Nov-05
user_000077,,,,24-Apr-06
user_000078,f,27,Poland,10-Oct-05
user_000079,f,,United States,2-Apr-06
user_000080,,,,28-Aug-06
user_000081,f,34,United States,18-Jul-06
user_000082,f,20,Poland,29-Jan-06
user_000083,f,19,Bulgaria,24-May-07
user_000084,m,18,Venezuela,4-Dec-05
user_000085,f,18,Croatia,14-May-07
user_000086,f,27,,21-Sep-07
user_000087,f,18,Poland,5-Oct-06
user_000088,m,25,Turkey,13-Mar-05
user_000089,f,27,United States,25-Dec-05
user_000090,m,20,Sweden,20-Aug-05
user_000091,f,27,United Kingdom,18-Mar-07
user_000092,m,30,Turkey,10-Nov-05
user_000093,m,20,United Kingdom,6-Dec-05
user_000094,m,22,Poland,2-Mar-07
user_000095,f,4,,27-Jan-06
user_000096,f,25,Finland,20-Feb-06
user_000097,m,,United Kingdom,6-Apr-05
user_000098,f,,New Zealand,3-Feb-07
user_000099,f,22,Brazil,17-Jun-06
user_000100,m,21,United Kingdom,4-Jun-07
user_000101,m,29,United Kingdom,6-Oct-06
user_000102,m,,United States,27-Dec-06
user_000103,m,34,United Kingdom,12-Feb-06
user_000104,,,Norway,24-Apr-05
user_000105,m,23,Turkey,24-Mar-06
user_000106,f,31,New Zealand,22-Nov-06
user_000107,m,15,Poland,1-Feb-06
user_000108,m,23,Latvia,23-Feb-06
user_000109,m,18,Canada,22-Mar-06
user_000110,m,22,Poland,30-Apr-07
user_000111,f,22,Sweden,17-Feb-06
user_000112,f,30,Turkey,25-Mar-06
user_000113,f,22,Italy,19-Mar-06
user_000114,f,28,Turkey,28-Jan-07
user_000115,f,,Italy,14-Jan-06
user_000116,f,24,Spain,9-Dec-06
user_000117,m,21,United Kingdom,27-Aug-05
user_000118,f,19,United States,18-Apr-05
user_000119,f,21,Finland,23-Dec-05
user_000120,f,23,United States,7-Mar-05
user_000121,f,,United Kingdom,14-Oct-05
user_000122,f,22,United States,23-Apr-06
user_000123,m,26,United States,5-Feb-06
user_000124,m,36,United States,24-Jul-05
user_000125,f,20,Canada,12-Jun-05
user_000126,f,,,3-Aug-06
user_000127,m,19,Estonia,3-Mar-06
user_000128,m,23,United States,5-Feb-06
user_000129,,,,
user_000130,f,21,United States,15-Nov-06
user_000131,f,21,United States Minor Outlying Islands,18-Feb-06
user_000132,m,28,Norway,20-Aug-05
user_000133,,,,6-Jul-05
user_000134,m,30,Chile,17-Oct-05
user_000135,m,,Czech Republic,30-Aug-06
user_000136,,26,United States,20-Aug-05
user_000137,m,19,Chile,1-Dec-06
user_000138,m,22,United States,19-Dec-04
user_000139,m,,Antarctica,4-Oct-05
user_000140,m,33,United Kingdom,25-Mar-03
user_000141,f,21,Trinidad and Tobago,19-Dec-05
user_000142,,,Norway,14-Oct-04
user_000143,m,21,Mexico,23-Feb-06
user_000144,f,19,Norway,24-Jan-05
user_000145,m,,United States,21-May-07
user_000146,,,,4-Apr-07
user_000147,m,,United States,29-Dec-05
user_000148,f,25,United States,2-May-06
user_000149,m,26,United States,2-Feb-06
user_000150,f,24,Canada,1-May-06
user_000151,m,23,Norway,25-Mar-06
user_000152,m,26,Finland,18-Oct-04
user_000153,m,33,,24-Jan-05
user_000154,f,,Norway,17-Mar-06
user_000155,m,,Venezuela,11-Jul-06
user_000156,m,23,Portugal,15-Feb-06
user_000157,m,19,United States,27-Dec-05
user_000158,f,,United States,23-Mar-06
user_000159,m,20,United Kingdom,20-Jun-05
user_000160,m,19,United Kingdom,23-Jun-06
user_000161,,26,Netherlands,25-May-05
user_000162,f,48,Switzerland,3-Jan-05
user_000163,m,24,Spain,4-Nov-06
user_000164,f,32,United States,16-Jun-06
user_000165,f,28,Norway,9-Nov-05
user_000166,f,22,Greece,4-Sep-06
user_000167,m,28,Australia,5-Dec-05
user_000168,m,32,United Kingdom,18-Apr-04
user_000169,m,17,Canada,20-Jun-06
user_000170,f,29,Canada,27-Apr-05
user_000171,,,,29-Oct-02
user_000172,m,32,United States,19-May-06
user_000173,f,21,Italy,6-Mar-06
user_000174,,,,
user_000175,f,28,United Kingdom,7-Jun-06
user_000176,f,24,Nicaragua,18-Jun-06
user_000177,m,42,Brazil,25-May-07
user_000178,m,,United Kingdom,8-Jun-05
user_000179,m,28,United Kingdom,22-Feb-05
user_000180,m,20,Ireland,26-Oct-05
user_000181,f,19,United States,3-Dec-05
user_000182,f,22,Belgium,12-Jul-05
user_000183,m,,,29-Dec-06
user_000184,f,23,Canada,3-Jun-06
user_000185,m,35,United Kingdom,10-Mar-05
user_000186,f,,Australia,9-Aug-06
user_000187,m,18,United Kingdom,2-May-06
user_000188,m,23,Finland,27-May-05
user_000189,m,22,United States,10-Sep-04
user_000190,m,26,Italy,6-Feb-06
user_000191,m,,United States,7-Jun-06
user_000192,f,,Germany,11-Aug-07
user_000193,m,30,Peru,27-Oct-05
user_000194,f,,Canada,8-Oct-05
user_000195,m,17,Poland,14-Jul-06
user_000196,m,22,Switzerland,27-Dec-04
user_000197,f,34,Sweden,18-Apr-06
user_000198,f,28,Poland,17-Jul-07
user_000199,m,22,United States,13-Mar-06
user_000200,,,,20-Oct-06
user_000201,m,21,Australia,4-Oct-05
user_000202,m,29,Netherlands,17-Sep-06
user_000203,f,,Brazil,15-Mar-06
user_000204,f,22,Turkey,20-May-07
user_000205,m,26,Mexico,7-Aug-06
user_000206,f,27,Turkey,25-Sep-05
user_000207,m,29,Portugal,29-May-06
user_000208,m,21,Switzerland,17-Jun-06
user_000209,f,27,Mexico,12-Oct-06
user_000210,m,42,United Kingdom,12-Feb-04
user_000211,m,24,Canada,11-Aug-04
user_000212,m,21,Romania,2-Oct-06
user_000213,f,55,United Kingdom,26-May-05
user_000214,,103,"Korea, Democratic People's Republic of",4-Feb-07
user_000215,m,16,Australia,22-Feb-06
user_000216,f,,,21-Jan-07
user_000217,m,23,United States,2-Aug-04
user_000218,m,,Switzerland,19-Sep-07
user_000219,m,34,United States,8-Nov-05
user_000220,f,,,27-Jul-06
user_000221,m,21,United States,19-Dec-06
user_000222,f,23,Trinidad and Tobago,10-Aug-05
user_000223,m,27,Sweden,31-Jan-06
user_000224,f,,"Congo, the Democratic Republic of the",15-Jan-06
user_000225,f,,Poland,30-Apr-07
user_000226,m,30,Serbia,11-Nov-05
user_000227,m,,Belgium,7-Oct-06
user_000228,m,22,Brazil,26-Oct-05
user_000229,,,,5-Jan-05
user_000230,f,18,Australia,7-May-06
user_000231,,,,9-Aug-06
user_000232,m,,Poland,14-Aug-06
user_000233,m,25,United States,20-Jul-05
user_000234,f,20,United States,27-May-05
user_000235,,29,United States,28-Nov-04
user_000236,f,23,United States,12-Jul-05
user_000237,f,19,United Kingdom,8-Apr-06
user_000238,f,22,Spain,8-May-06
user_000239,m,21,Czech Republic,2-Dec-05
user_000240,,,United Kingdom,19-Apr-04
user_000241,m,39,United Kingdom,20-Mar-07
user_000242,m,23,Spain,7-Feb-06
user_000243,f,23,Russian Federation,17-Feb-07
user_000244,m,32,United States,5-Jun-05
user_000245,m,,United Kingdom,12-Jan-06
user_000246,m,22,United Kingdom,2-Sep-07
user_000247,m,19,Finland,11-Aug-06
user_000248,m,26,United Kingdom,4-Nov-03
user_000249,m,25,United States,16-Dec-05
user_000250,m,21,Canada,30-Jun-06
user_000251,f,24,Poland,1-May-06
user_000252,m,31,Argentina,25-Aug-04
user_000253,f,22,United States,26-Feb-06
user_000254,f,20,Italy,4-Sep-06
user_000255,m,36,United States,12-Dec-05
user_000256,m,23,Germany,21-Jan-07
user_000257,f,18,United States,26-May-07
user_000258,f,75,United States,21-Jun-06
user_000259,f,21,Russian Federation,24-Jun-06
user_000260,m,31,Norway,15-Apr-05
user_000261,,20,Norway,19-Jun-05
user_000262,m,19,United States,10-Dec-05
user_000263,f,29,United Kingdom,14-Aug-06
user_000264,m,25,France,1-Jun-05
user_000265,f,21,Poland,4-Jul-07
user_000266,f,28,United Kingdom,18-Aug-05
user_000267,m,30,British Indian Ocean Territory,11-Oct-05
user_000268,m,29,United Kingdom,28-Mar-06
user_000269,f,28,Spain,17-Sep-05
user_000270,f,20,United States,3-Jan-06
user_000271,m,21,Sweden,11-Dec-05
user_000272,,,United States,29-May-07
user_000273,f,19,United States,23-Mar-05
user_000274,m,,Mexico,12-Feb-06
user_000275,f,,Spain,1-Jul-07
user_000276,m,25,Hungary,2-Dec-05
user_000277,f,25,New Zealand,4-Dec-05
user_000278,f,20,United States,30-Jul-05
user_000279,f,,United States,5-Nov-05
user_000280,,32,United Kingdom,14-Sep-05
user_000281,m,,Norway,11-Apr-05
user_000282,m,49,Sweden,16-Mar-06
user_000284,m,22,Turkey,21-Jun-06
user_000285,f,23,United States,7-Dec-04
user_000286,m,,United States,18-Oct-04
user_000288,m,,Netherlands,22-Mar-06
user_000289,f,20,Thailand,31-Jul-07
user_000290,m,,United States,12-Aug-05
user_000291,m,30,France,9-Aug-06
user_000292,f,19,Netherlands,5-Jun-07
user_000293,,39,United Kingdom,31-Jan-05
user_000294,f,22,Czech Republic,14-Jan-06
user_000295,f,21,Italy,13-Jun-07
user_000296,m,26,Poland,29-Jan-06
user_000297,f,21,Spain,1-Jun-07
user_000298,m,28,Argentina,26-Jan-05
user_000299,f,29,United States,21-Jul-06
user_000300,f,18,United States,27-Nov-05
user_000301,m,20,Netherlands,3-Jun-06
user_000302,m,24,,10-Sep-05
user_000303,f,22,Slovakia,18-Mar-06
user_000304,f,22,United Kingdom,5-Feb-05
user_000305,m,21,Sweden,19-Apr-06
user_000306,m,25,Turkey,6-Jun-05
user_000307,m,,,16-Oct-06
user_000308,f,21,Norway,3-Mar-06
user_000309,m,21,United States,4-Nov-05
user_000310,m,22,United States,13-Jun-05
user_000311,m,23,Canada,18-Apr-05
user_000312,m,40,France,13-Apr-06
user_000313,m,33,United States,30-Jul-05
user_000314,m,21,United States,19-Dec-06
user_000315,,,,9-Feb-07
user_000316,m,20,Belgium,25-Jun-06
user_000317,m,34,Hungary,19-Jan-07
user_000318,m,26,Sweden,2-Jul-06
user_000319,f,21,Brazil,22-May-05
user_000320,m,27,France,10-Jan-07
user_000321,f,18,Poland,15-Aug-06
user_000322,m,38,United Kingdom,1-Oct-06
user_000323,f,24,United States,21-Aug-05
user_000324,m,28,Canada,7-Jun-07
user_000325,f,21,Finland,26-Oct-05
user_000326,m,33,Turkey,8-Nov-05
user_000327,f,19,United Kingdom,7-May-06
user_000328,m,3,United States,24-Apr-06
user_000329,m,21,Belgium,16-Nov-06
user_000330,f,21,,1-Jun-06
user_000331,m,35,United Kingdom,31-May-05
user_000332,m,36,United States,23-Jan-07
user_000333,,,,30-Aug-06
user_000334,m,26,United Kingdom,22-Feb-05
user_000335,m,,Italy,21-Mar-06
user_000336,f,18,United States,12-Jun-06
user_000337,f,31,United States,2-Aug-05
user_000338,f,28,Poland,16-Apr-05
user_000339,m,32,Norway,13-Jan-05
user_000340,m,22,Brazil,16-Apr-07
user_000341,,,,4-Jun-09
user_000342,,,Venezuela,7-Aug-06
user_000343,f,26,,1-Jun-06
user_000344,m,25,Turkey,6-Dec-05
user_000345,f,,United States,29-May-05
user_000346,f,17,Croatia,30-Apr-07
user_000347,m,,,24-Nov-06
user_000348,m,24,Finland,4-Jan-05
user_000349,m,23,Brazil,1-Jul-05
user_000350,m,21,Poland,16-Dec-05
user_000351,m,24,Norway,7-Dec-06
user_000352,,33,Norway,16-Dec-04
user_000353,,,,
user_000354,m,34,United Kingdom,22-Dec-04
user_000355,m,29,Argentina,2-Jun-06
user_000356,m,27,Turkey,6-Jun-05
user_000357,f,,United States,17-Aug-05
user_000358,f,,Macedonia,23-Jul-06
user_000359,m,31,United States,21-Aug-05
user_000360,,22,Sweden,10-Mar-05
user_000361,f,26,Poland,16-Jan-07
user_000362,m,,Germany,1-Aug-06
user_000363,,,Slovenia,21-May-07
user_000364,f,29,Norway,16-Mar-06
user_000366,m,24,Finland,12-Dec-04
user_000367,,,,6-Jan-06
user_000368,m,,United Kingdom,4-Nov-03
user_000369,f,,Australia,1-May-04
user_000370,m,,Germany,6-May-06
user_000371,m,,Algeria,13-Jul-05
user_000372,m,,Singapore,4-Jan-07
user_000373,m,,Canada,5-Apr-06
user_000374,f,,Norway,8-Mar-06
user_000375,,,United Kingdom,21-Sep-05
user_000376,f,,Germany,13-Aug-05
user_000377,m,,Portugal,6-Dec-05
user_000378,m,,United Kingdom,5-Oct-05
user_000379,m,,United Kingdom,2-Feb-05
user_000380,,,Sweden,20-Jun-05
user_000381,m,,Turkey,24-Sep-05
user_000382,m,,United States,19-Mar-05
user_000383,,,Zimbabwe,31-Aug-06
user_000384,m,,United Kingdom,28-Sep-04
user_000385,m,,Latvia,28-Apr-06
user_000386,f,,Poland,7-Jun-06
user_000387,m,,United Kingdom,21-Jul-05
user_000388,m,,United States,19-Feb-06
user_000389,f,,United States,20-Oct-05
user_000390,,,,1-Oct-05
user_000391,f,,Germany,22-Oct-04
user_000392,m,,Spain,8-Jun-06
user_000393,m,,United States,7-Feb-07
user_000394,m,,United States,21-Jun-06
user_000395,m,,Spain,16-May-07
user_000396,f,,Japan,10-May-06
user_000397,f,,United States,16-Feb-06
user_000398,m,,France,21-Nov-06
user_000399,m,,United Kingdom,12-Sep-05
user_000400,m,,United States,26-Feb-06
user_000401,m,,France,10-May-06
user_000402,f,,Serbia,5-Jun-06
user_000403,f,,United States,17-May-06
user_000404,m,,United States,9-Apr-06
user_000405,f,,Australia,22-Sep-05
user_000406,m,,France,2-Feb-06
user_000407,m,,United Kingdom,26-Apr-04
user_000408,m,,United States,19-Jul-07
user_000409,m,,Portugal,8-Mar-06
user_000410,m,,United States,22-Feb-06
user_000411,m,,Venezuela,8-Aug-06
user_000412,f,,United Kingdom,30-Sep-05
user_000413,f,,United States,12-Sep-06
user_000414,m,,United Kingdom,5-Apr-04
user_000415,m,,United Kingdom,5-Aug-06
user_000416,,,,12-Feb-05
user_000417,m,,United Kingdom,30-Apr-06
user_000418,m,,China,13-Jan-07
user_000419,f,,United Kingdom,23-Nov-06
user_000420,,,,17-Aug-04
user_000421,m,,United States,22-Apr-06
user_000422,f,,Finland,23-Mar-06
user_000423,,,Netherlands,1-Apr-06
user_000424,m,,Netherlands,8-Oct-06
user_000425,m,,Finland,12-Jan-05
user_000426,m,,Australia,8-Jul-06
user_000427,m,,United States,4-Jan-04
user_000429,,,Turkey,15-Jan-06
user_000430,,,,18-May-06
user_000431,m,,Poland,28-Aug-06
user_000432,m,,Spain,26-Nov-06
user_000433,f,,United States,24-Jan-06
user_000434,f,,United States,16-Jun-06
user_000435,f,,Poland,18-Oct-07
user_000436,f,,Poland,19-Jan-06
user_000437,f,,Russian Federation,11-Jan-06
user_000438,f,,United States,17-Sep-06
user_000439,f,,United Kingdom,8-Sep-06
user_000440,f,,Malta,4-Feb-06
user_000441,m,,United States,16-Mar-05
user_000442,f,,France,24-Dec-05
user_000443,f,,Canada,8-Feb-06
user_000444,f,,Germany,12-Dec-05
user_000445,,,Finland,5-Dec-06
user_000446,f,,United States,21-Apr-05
user_000447,,,,5-Sep-07
user_000448,f,,United Kingdom,4-Feb-06
user_000449,m,,United States,11-Feb-07
user_000450,m,,United States,7-Dec-04
user_000451,m,,United Kingdom,30-Aug-04
user_000452,,,,11-Nov-05
user_000453,m,,Finland,17-Oct-05
user_000454,f,,Poland,18-Jul-07
user_000455,m,,,1-Sep-03
user_000456,m,,Russian Federation,27-Jul-06
user_000457,m,,Brazil,13-Jun-06
user_000458,f,,Argentina,1-Feb-06
user_000459,,,Hungary,14-Aug-04
user_000460,f,,Canada,27-Sep-05
user_000461,m,,Germany,16-Dec-05
user_000462,f,,United States,7-Feb-07
user_000463,m,,United States,19-Mar-06
user_000464,f,,United States,19-Apr-06
user_000465,f,,Russian Federation,24-Oct-06
user_000467,f,,Germany,29-Apr-06
user_000468,m,,Brazil,25-Sep-06
user_000469,f,,Italy,6-Sep-06
user_000471,,,Poland,17-Nov-06
user_000472,f,,United Kingdom,10-Mar-05
user_000473,f,,Italy,19-Apr-06
user_000474,f,,,23-May-07
user_000475,f,,United States,15-Nov-04
user_000476,f,,Brazil,2-Jun-06
user_000477,m,,United States,9-Feb-05
user_000478,m,,United States,4-Jan-06
user_000479,m,,United States,11-Feb-05
user_000480,f,,United States,20-Jul-05
user_000481,m,,United States,16-Aug-05
user_000482,f,,Russian Federation,12-Mar-06
user_000483,,,United States,23-May-05
user_000484,m,,Italy,20-Dec-06
user_000485,m,,United Kingdom,7-Aug-06
user_000486,m,,United Kingdom,6-Sep-05
user_000487,m,,Netherlands,8-Mar-06
user_000488,m,,Peru,19-Dec-06
user_000489,m,,Germany,25-Mar-06
user_000490,m,,Italy,23-May-06
user_000491,f,,United States,28-Jan-06
user_000492,f,,Thailand,4-Jul-07
user_000493,m,,United States,10-Dec-05
user_000494,m,,United Kingdom,16-Jun-06
user_000495,m,,Australia,4-Dec-04
user_000496,m,,Romania,26-Jul-05
user_000497,f,,United States,16-Feb-08
user_000498,f,,Poland,23-Jun-07
user_000499,f,,,5-Jul-06
user_000500,,,United States,23-Sep-07
user_000501,f,,United States,13-Mar-06
user_000502,f,,United States,22-Jan-06
user_000503,f,,Austria,3-Dec-05
user_000504,,,United States,3-Dec-04
user_000505,f,,,12-Nov-06
user_000506,f,,,9-Jan-06
user_000507,m,,Italy,17-Aug-06
user_000508,m,,United Kingdom,26-Oct-06
user_000509,,,United Kingdom,18-Sep-05
user_000510,m,,Germany,5-Mar-06
user_000511,f,,United States,14-Dec-05
user_000512,f,,United Kingdom,2-Feb-05
user_000513,,,United Kingdom,5-Jan-05
user_000514,m,,United Kingdom,12-Jul-05
user_000515,m,,Netherlands,30-Mar-06
user_000516,m,,Austria,25-Jul-07
user_000517,f,,Italy,24-Feb-06
user_000518,f,,United Kingdom,13-Feb-06
user_000519,m,,France,2-Nov-06
user_000520,m,,Venezuela,24-Aug-05
user_000521,f,,Germany,28-Jun-07
user_000522,f,,Norway,9-Nov-05
user_000523,f,,Mexico,29-Apr-07
user_000524,f,,United Kingdom,19-Jul-07
user_000525,,,,14-Dec-04
user_000526,f,,United States,3-Dec-05
user_000527,f,,Chile,1-Nov-06
user_000528,f,,,14-Apr-07
user_000529,m,,United States,5-May-06
user_000530,m,,Russian Federation,29-Aug-06
user_000531,f,,Bulgaria,6-Jul-06
user_000532,m,,Netherlands,1-Dec-06
user_000533,m,27,Japan,5-Nov-09
user_000534,f,,Sweden,7-Sep-04
user_000535,m,,Turkey,16-Dec-04
user_000536,m,,Spain,7-Jun-05
user_000537,,,Poland,8-Aug-07
user_000538,f,,Portugal,17-Apr-07
user_000539,m,,Venezuela,23-Aug-06
user_000540,f,,Spain,24-May-07
user_000541,f,,United Kingdom,15-Nov-06
user_000542,f,,Mexico,18-Jan-06
user_000543,m,,United Kingdom,28-Oct-04
user_000544,f,,United States,17-Jul-06
user_000545,m,,Argentina,13-Jun-06
user_000546,f,,Germany,24-Jul-06
user_000547,m,,United States,20-Jul-05
user_000548,m,,United States,30-Mar-07
user_000549,m,,Australia,28-Jan-06
user_000550,m,,United Kingdom,16-Jun-05
user_000551,m,,Australia,27-Apr-07
user_000552,m,,Chile,3-Dec-06
user_000553,m,,Italy,19-Aug-05
user_000554,m,,United Kingdom,16-Mar-06
user_000555,f,,Spain,14-Oct-05
user_000556,,,Netherlands,12-May-06
user_000557,f,,United States,6-Mar-05
user_000558,f,,United States,20-May-03
user_000559,f,,United States,24-Aug-06
user_000560,f,,United States,30-Nov-06
user_000561,f,,,18-Mar-06
user_000562,m,,United Kingdom,16-Dec-05
user_000563,m,,Italy,27-Dec-06
user_000564,f,,United States,17-Jan-06
user_000565,f,,Germany,18-Feb-06
user_000566,f,,Netherlands Antilles,26-Sep-06
user_000567,f,,Germany,9-Feb-07
user_000568,m,,Canada,3-Mar-06
user_000569,f,,United States,31-May-05
user_000570,m,,Brazil,27-Jun-05
user_000571,m,,United States,18-Jul-05
user_000572,m,,Israel,9-Oct-04
user_000573,f,,Australia,20-Jun-06
user_000574,m,,Poland,25-Feb-06
user_000575,m,,United States,30-Jul-04
user_000576,m,,United States,2-Nov-05
user_000577,m,,Estonia,11-Mar-06
user_000578,m,,Germany,27-Aug-03
user_000579,f,,United Kingdom,24-Sep-07
user_000580,f,,United Kingdom,26-Jul-05
user_000581,m,,Turkey,20-Dec-05
user_000582,f,,France,5-Mar-06
user_000583,f,,Finland,28-Feb-06
user_000584,f,,Canada,28-Apr-06
user_000585,,,United Kingdom,12-Apr-04
user_000586,f,,United States,30-May-06
user_000587,m,,United Kingdom,6-Jul-04
user_000588,,,,
user_000589,f,,Russian Federation,13-Mar-06
user_000590,f,,Norway,9-Mar-06
user_000591,f,,Canada,12-Sep-05
user_000592,m,,United States,24-May-07
user_000593,f,,,29-Jun-06
user_000594,m,,Netherlands,16-May-06
user_000595,m,,Russian Federation,27-Mar-07
user_000596,m,,United States,13-Feb-06
user_000597,m,,,20-Apr-06
user_000598,f,,United States,1-Mar-06
user_000599,,,United Kingdom,21-Apr-03
user_000600,f,,United States,28-Apr-06
user_000601,m,,Poland,7-Jun-07
user_000602,m,,Canada,4-Dec-05
user_000603,m,,United Kingdom,25-Feb-06
user_000604,m,,Canada,7-Aug-06
user_000605,m,,United States,10-Oct-05
user_000606,f,,Bulgaria,15-Jun-06
user_000607,m,,Sweden,29-Apr-06
user_000608,f,,Poland,21-May-05
user_000609,m,,New Zealand,5-Nov-06
user_000610,m,,Bulgaria,22-Jan-06
user_000611,m,,Italy,9-Jan-07
user_000612,m,,Finland,25-Mar-05
user_000613,f,,Poland,21-Jan-07
user_000614,m,,Germany,16-Dec-06
user_000615,f,,Sweden,10-Jan-05
user_000616,f,,Slovenia,31-May-06
user_000617,m,,United Kingdom,15-Mar-06
user_000618,f,,United States,19-Dec-06
user_000619,,,United Kingdom,1-May-04
user_000620,f,,Finland,7-Jan-05
user_000621,f,,,24-Aug-06
user_000622,,,,3-Jun-06
user_000623,m,,Chile,9-Dec-06
user_000624,f,,Norway,14-Mar-06
user_000625,m,,Argentina,4-Mar-06
user_000626,f,,Spain,16-Apr-06
user_000627,f,,Russian Federation,13-Aug-07
user_000628,m,,Slovakia,23-Apr-05
user_000629,m,,Poland,26-Jan-07
user_000630,f,,United States,22-May-05
user_000631,m,,Finland,14-Oct-05
user_000632,m,,United Kingdom,1-Feb-06
user_000633,f,,,17-Jan-06
user_000634,f,,United States,14-Aug-05
user_000635,m,,Serbia,11-Apr-05
user_000636,f,,Bulgaria,20-Jun-06
user_000637,f,,Poland,5-Feb-07
user_000638,,,,19-Dec-06
user_000639,m,,Mexico,27-Apr-05
user_000640,f,,United States,6-Apr-06
user_000641,f,,Sweden,13-Jan-06
user_000642,f,,Canada,1-Apr-06
user_000643,m,,France,15-Jul-06
user_000644,f,,United States,11-Sep-05
user_000645,m,,Hungary,12-Nov-06
user_000646,m,,Peru,15-Dec-06
user_000647,m,,United States,24-Mar-06
user_000648,f,,Netherlands,18-Oct-05
user_000649,m,,United States,8-Feb-07
user_000650,m,,United States,16-Dec-07
user_000651,m,,United States,17-Dec-07
user_000652,m,,Germany,18-Aug-07
user_000653,m,,Brazil,14-May-06
user_000654,m,,Canada,22-Feb-06
user_000655,m,,Portugal,9-Oct-06
user_000656,f,,United States,29-Jan-06
user_000657,m,,Sweden,30-Sep-05
user_000658,f,,Latvia,11-Apr-07
user_000659,,,Belgium,27-Jan-05
user_000660,m,,Croatia,12-Aug-07
user_000661,m,,Netherlands,25-Sep-06
user_000662,f,,United States,13-Jun-06
user_000664,m,,Germany,15-Aug-05
user_000665,f,,Czech Republic,28-Feb-06
user_000666,m,,Poland,24-May-05
user_000667,f,,United Kingdom,3-Mar-06
user_000668,f,,United States,26-Nov-05
user_000669,m,,Colombia,7-May-07
user_000670,f,,Argentina,19-Feb-06
user_000671,m,,Czech Republic,23-Jan-06
user_000672,m,,United States,10-Apr-06
user_000673,m,,Mexico,25-May-07
user_000674,f,,Poland,6-Jun-07
user_000675,m,,Poland,20-Jul-05
user_000676,m,,Netherlands,15-Nov-06
user_000677,f,,Netherlands,31-May-06
user_000678,m,,United Kingdom,9-Dec-03
user_000679,f,,United States,8-Apr-04
user_000680,,,,23-May-05
user_000681,m,,United States,20-Dec-04
user_000682,f,,Norway,20-Aug-06
user_000683,f,,United Kingdom,18-Apr-06
user_000684,m,,Canada,11-Jun-05
user_000685,m,,Norway,13-Oct-04
user_000686,f,,United States,23-Feb-07
user_000687,f,,United Kingdom,11-Mar-05
user_000688,f,,United Kingdom,17-Apr-07
user_000689,m,,United Kingdom,13-Oct-05
user_000690,m,,United Kingdom,25-Jun-07
user_000691,m,,United States,30-Jun-06
user_000692,f,,Romania,6-Jul-06
user_000693,m,,United States,21-Nov-05
user_000694,m,,United Kingdom,7-Jun-05
user_000695,m,,Australia,2-Aug-05
user_000696,f,,Romania,30-Aug-06
user_000697,f,,United States,8-May-06
user_000698,,,,13-Aug-05
user_000699,,,Russian Federation,3-Mar-07
user_000700,m,,Belarus,4-Feb-07
user_000701,m,,United Kingdom,2-Apr-04
user_000702,m,,Poland,2-Dec-06
user_000703,f,,United States,13-Mar-06
user_000704,f,,Australia,27-Apr-07
user_000705,f,,India,3-Jun-06
user_000706,f,,Romania,11-May-06
user_000707,,,Norway,12-Apr-05
user_000708,,,,23-May-09
user_000709,m,,Canada,2-Oct-04
user_000710,m,,Estonia,24-Apr-07
user_000711,m,,United States,21-Jan-06
user_000712,m,,Poland,4-Mar-04
user_000713,f,,Norway,21-Apr-05
user_000714,m,,Colombia,23-Sep-06
user_000715,m,,Australia,13-May-07
user_000716,f,,Portugal,22-Mar-07
user_000717,,,,13-Jul-07
user_000718,f,,,14-Feb-06
user_000719,m,,Brazil,30-Oct-05
user_000720,f,,Norway,29-Jun-07
user_000721,m,,Poland,7-Apr-05
user_000722,m,,Turkey,17-Apr-05
user_000723,f,,United States,4-Jun-06
user_000724,m,,United States,21-Feb-05
user_000725,f,,Turkey,21-Aug-07
user_000726,m,,Austria,7-Apr-06
user_000727,f,,United States,21-Jul-05
user_000728,f,,Finland,12-Mar-06
user_000729,m,,Ireland,26-Oct-05
user_000730,m,,Canada,10-May-06
user_000731,m,,Tunisia,6-Nov-05
user_000732,f,,Finland,3-Jan-05
user_000733,m,,United Kingdom,29-Sep-03
user_000734,,,,
user_000735,,,Norway,11-Dec-04
user_000736,m,,Lithuania,8-Apr-07
user_000737,m,,Germany,7-Jul-07
user_000738,m,,Belgium,20-Aug-06
user_000739,m,,Australia,25-May-06
user_000740,m,,Italy,10-Jan-07
user_000741,m,,United States,11-May-06
user_000742,m,,Germany,10-Jun-07
user_000743,m,,United Kingdom,17-Jul-05
user_000744,m,,United States,21-Jan-04
user_000745,m,,,28-Jan-05
user_000746,m,,Netherlands,29-Oct-06
user_000747,f,,Poland,21-Apr-06
user_000748,m,,Brazil,18-Apr-06
user_000749,f,,Portugal,14-Jul-06
user_000750,m,,Italy,27-Aug-06
user_000751,m,,United States,14-Jun-05
user_000752,m,,United States,17-Sep-04
user_000753,,,,3-Dec-04
user_000754,m,,United States,10-Jul-06
user_000755,m,,United Kingdom,12-Dec-04
user_000756,m,,United States,12-Jul-06
user_000757,f,,United States,30-Mar-05
user_000758,f,,United States,19-Feb-06
user_000759,f,,Australia,26-Feb-06
user_000760,,,Lithuania,12-Mar-06
user_000761,,,Netherlands,30-Nov-06
user_000762,f,,United Kingdom,4-Jul-05
user_000763,,,,25-Sep-07
user_000764,m,,United Kingdom,20-Feb-05
user_000765,f,,Germany,26-Oct-05
user_000766,f,,Norway,6-Sep-06
user_000767,m,,United States,22-Jan-06
user_000768,m,,Romania,4-Jun-07
user_000769,m,,Japan,30-Nov-05
user_000770,f,,United States,18-Oct-06
user_000771,f,,Chile,4-Sep-06
user_000772,f,,Canada,17-May-07
user_000773,m,,United States,9-Dec-04
user_000774,m,,United States,25-Aug-05
user_000775,m,,Finland,9-Oct-07
user_000776,f,,Italy,10-Jan-07
user_000777,m,,Sweden,24-May-05
user_000778,,,United States,5-Jun-05
user_000779,f,,,28-Jul-04
user_000780,f,,Lithuania,2-Jan-07
user_000781,f,,United States,4-Dec-05
user_000782,f,,United States,18-Sep-04
user_000783,m,,United States,13-Feb-06
user_000784,f,,Netherlands,14-Aug-05
user_000785,,,,2-Oct-07
user_000786,m,,Russian Federation,17-Sep-07
user_000787,f,,United Kingdom,23-Feb-06
user_000788,m,,Germany,12-Apr-05
user_000789,f,,United States,28-Mar-05
user_000790,f,,,1-Feb-06
user_000791,m,,United Kingdom,22-Sep-04
user_000792,m,,,30-Jan-05
user_000793,m,,China,26-Apr-04
user_000794,f,,Iceland,26-Mar-06
user_000795,f,,United States,12-Jul-06
user_000796,f,,Croatia,5-Mar-06
user_000797,f,,Lithuania,4-Nov-06
user_000798,f,,Finland,28-Jun-05
user_000799,m,,Germany,26-Sep-04
user_000800,,,Russian Federation,17-Jul-05
user_000801,,,,17-Apr-07
user_000802,f,,United Kingdom,12-Jun-06
user_000803,m,,Norway,9-Dec-05
user_000804,m,,Norway,9-Dec-05
user_000805,m,,Belgium,1-Aug-06
user_000806,,,,
user_000807,m,,United States,30-Jul-04
user_000808,m,,Russian Federation,16-Dec-06
user_000809,m,,Finland,8-Jun-05
user_000810,m,,United Kingdom,5-Mar-06
user_000811,f,,United States,6-Dec-05
user_000812,,,Belgium,12-Nov-06
user_000813,m,,New Zealand,16-Jun-07
user_000814,m,,Germany,20-May-06
user_000815,f,,United Kingdom,10-Jul-06
user_000816,m,,United Kingdom,13-Dec-05
user_000817,m,,Mexico,12-Nov-06
user_000818,m,,Finland,9-Jul-05
user_000819,m,,United Kingdom,22-Feb-05
user_000820,m,,Thailand,4-Feb-05
user_000821,f,,France,26-Nov-05
user_000822,,,,25-May-07
user_000823,,,Norway,22-Mar-07
user_000824,m,,United Kingdom,5-Mar-06
user_000825,m,,United Kingdom,15-Dec-05
user_000826,f,,United States,7-Aug-07
user_000827,m,,Switzerland,6-Nov-05
user_000828,,,Japan,24-May-05
user_000829,m,,Peru,27-Feb-06
user_000830,m,,Ireland,6-Dec-05
user_000831,m,,United Kingdom,7-Dec-05
user_000832,f,,United Kingdom,10-Aug-05
user_000833,f,,United States,20-Feb-05
user_000834,f,,Italy,7-Apr-06
user_000835,f,,Australia,1-Jul-06
user_000836,m,,Norway,8-Feb-06
user_000837,f,,United States,31-May-05
user_000838,f,,United Kingdom,17-May-06
user_000839,m,,Greece,7-Feb-06
user_000840,f,,Russian Federation,24-Jan-06
user_000841,m,,Spain,5-Nov-05
user_000842,m,,United States,18-Jul-05
user_000843,m,,United States,25-Feb-07
user_000844,,,Norway,10-Apr-04
user_000845,f,,Finland,5-Jun-06
user_000846,m,,United Kingdom,4-Jan-07
user_000847,f,,Germany,30-Dec-05
user_000848,f,,Poland,12-Sep-05
user_000849,m,,United Kingdom,20-Aug-06
user_000850,,,,25-Jul-06
user_000851,,,,6-Jan-05
user_000852,f,,Trinidad and Tobago,22-Dec-05
user_000853,f,,Morocco,21-Apr-07
user_000854,f,,Norway,19-May-07
user_000855,,,,3-Nov-06
user_000856,f,,,20-May-04
user_000857,f,,United States,27-Jul-06
user_000858,m,,United States,25-Nov-04
user_000859,m,,Italy,9-Jan-06
user_000860,m,,Turkey,1-Apr-06
user_000861,m,,United States,10-Sep-05
user_000862,f,,Italy,10-Feb-06
user_000863,,,United Kingdom,15-Oct-04
user_000864,m,,Norway,10-Dec-05
user_000865,f,,Croatia,31-May-07
user_000866,f,,United States,7-Oct-05
user_000867,f,,United States,7-Feb-06
user_000868,m,,United States,15-Jun-06
user_000869,m,,France,23-May-07
user_000870,m,,United Kingdom,10-Mar-03
user_000871,,,Argentina,3-Feb-05
user_000872,f,,Brazil,31-Jan-08
user_000873,m,,United Kingdom,5-Mar-04
user_000874,m,,,3-Apr-06
user_000875,f,,Slovakia,9-Mar-06
user_000876,f,,Brazil,3-Dec-06
user_000877,m,,,9-Jan-05
user_000878,f,,United States,1-Dec-05
user_000879,f,,United States,31-Dec-06
user_000880,,,,5-Nov-06
user_000881,m,,United States,18-Mar-06
user_000882,m,,United States,29-Apr-04
user_000883,m,,Spain,6-Oct-05
user_000884,m,,Poland,2-May-07
user_000885,m,,United States,8-Jun-05
user_000886,m,,Finland,3-Nov-06
user_000887,f,,United States,14-Feb-05
user_000888,m,,Norway,28-Feb-05
user_000889,m,,Sweden,26-Apr-06
user_000890,m,,United States,6-Dec-05
user_000891,f,,Italy,9-Feb-07
user_000892,,,United States,1-Sep-06
user_000893,m,,United States,29-Mar-06
user_000894,m,,Colombia,2-Dec-05
user_000895,m,,Canada,2-Feb-06
user_000896,m,,United States,2-Apr-03
user_000897,,,,18-Feb-07
user_000898,m,,United States,28-Nov-03
user_000899,m,,Canada,7-Oct-05
user_000900,f,,Poland,17-Mar-06
user_000901,f,,Argentina,9-May-06
user_000902,f,,,3-Feb-06
user_000903,m,,Belgium,18-Dec-06
user_000904,m,,United States,15-Dec-06
user_000905,m,,Brazil,18-Apr-06
user_000906,m,,Germany,12-Jan-06
user_000907,f,,Poland,26-Jan-07
user_000908,m,,Germany,5-Apr-05
user_000909,m,,Sweden,29-Apr-05
user_000910,m,,United States,26-Sep-04
user_000911,m,,United States,9-Jul-05
user_000912,m,,United Kingdom,8-Jan-06
user_000913,m,,United States,26-Aug-04
user_000914,,,United States,29-Jan-05
user_000915,,,Finland,15-Dec-04
user_000916,f,,Trinidad and Tobago,7-Mar-06
user_000917,m,,United States,14-Mar-06
user_000918,m,,,15-May-06
user_000919,m,,United States,31-May-07
user_000920,f,,United States,14-Sep-05
user_000921,m,,Russian Federation,23-May-06
user_000922,m,,United Kingdom,21-May-04
user_000923,m,,United Kingdom,28-Jan-05
user_000924,f,,United States,30-May-05
user_000925,f,,Norway,6-Mar-06
user_000926,f,,Turkey,27-Sep-06
user_000927,m,,Poland,29-Aug-06
user_000928,m,,United States,11-Aug-05
user_000929,m,,Turkey,21-Nov-04
user_000930,f,,,14-Jun-07
user_000931,m,,Italy,19-Feb-07
user_000932,f,,Poland,2-Jun-07
user_000933,m,,Turkey,3-May-06
user_000934,m,,Northern Mariana Islands,13-May-06
user_000935,f,,Finland,24-Oct-04
user_000936,f,,Finland,3-Jul-05
user_000937,f,,United Kingdom,30-Jun-07
user_000938,m,,United States,29-Sep-04
user_000939,f,,Canada,19-Dec-05
user_000940,m,,United Kingdom,4-Jan-07
user_000941,m,,Spain,16-Dec-06
user_000942,m,,Germany,5-Sep-04
user_000943,m,,Sweden,9-Oct-05
user_000944,m,,Ireland,18-Jul-06
user_000945,f,,United Kingdom,27-May-06
user_000946,,,Netherlands,11-Apr-06
user_000947,m,,Australia,18-Sep-06
user_000948,m,,United States,23-Apr-06
user_000949,f,,United States,30-May-05
user_000950,,,Chile,13-Jan-07
user_000951,f,,Netherlands,28-Feb-06
user_000952,f,,Estonia,31-May-06
user_000953,m,,United Kingdom,15-Aug-07
user_000954,m,,Germany,4-Dec-05
user_000955,f,,France,8-Jun-06
user_000956,f,,Poland,25-Sep-07
user_000957,m,,Finland,29-Mar-05
user_000958,m,,Mexico,26-Aug-05
user_000959,m,,United States,3-Jun-06
user_000960,m,,United States,9-Jul-07
user_000961,m,,United States,7-Apr-03
user_000962,m,,United States,3-Apr-04
user_000963,,,,19-Apr-04
user_000964,m,,China,27-Oct-06
user_000965,m,,Netherlands,20-Jul-07
user_000966,,,United States,20-May-04
user_000967,f,,Bosnia and Herzegovina,12-Jan-06
user_000968,m,,Germany,8-Nov-05
user_000969,m,,Russian Federation,18-Dec-06
user_000970,m,,New Zealand,6-Feb-06
user_000971,f,,United States,12-Jan-05
user_000972,f,,Russian Federation,13-Nov-06
user_000973,m,,Russian Federation,23-Feb-07
user_000974,f,,United States,29-Apr-06
user_000975,,,,23-Mar-06
user_000976,,,,
user_000977,m,,United Kingdom,7-Mar-06
user_000978,m,,Turkey,24-Aug-05
user_000979,f,,Turkey,25-Apr-07
user_000980,f,,United Kingdom,16-Jun-07
user_000981,f,,Croatia,29-Mar-06
user_000982,f,,Turkey,28-Oct-06
user_000983,f,,Canada,5-Nov-04
user_000984,f,,United States,2-Jul-05
user_000985,f,,Australia,22-May-06
user_000986,m,,Sweden,12-Apr-05
user_000987,f,,United States,30-Oct-06
user_000989,f,,Canada,30-Nov-05
user_000990,f,,Bulgaria,15-Sep-05
user_000991,f,,Finland,29-Jan-06
user_000992,m,,Sweden,22-Nov-06
user_000993,m,,Finland,6-Sep-06
user_000994,m,,,18-Apr-06
user_000995,f,,Australia,22-Jan-06
user_000996,f,,United States,17-Jul-06
user_000997,m,,United States,5-Jan-07
user_000998,m,,United Kingdom,28-Sep-05
user_000999,f,,Poland,24-Jul-07
user_001000,m,,United States,24-Mar-07
